Time,Pitch (x),Yaw (y),Roll (z)
0,0,0,0
0.3486328,0.20771459,-0.751438,0.012218505
0.3955078,0.23051135,-0.8084299,0.022802714
0.44140625,0.23213822,-0.86699724,0.019548975
0.48828125,0.2533644,-0.91108245,0.03097847
0.53515625,0.26476893,-0.9444814,0.018759359
0.58203125,0.27469835,-0.9875089,0.020414263
0.6279297,0.27630273,-1.0107722,-0.002046848
0.6738281,0.288525,-1.0344019,-0.006120935
0.7216797,0.2958563,-1.0368457,0.015872994
0.7675781,0.29748583,-1.0523262,0.03298306
0.81347656,0.32637322,-1.065165,0.021749076
0.86035156,0.32719985,-1.0841775,0.030842006
0.9082031,0.32312033,-1.1021273,0.02186708
0.95410156,0.32638016,-1.1225013,0.02512691
1,0.33289227,-1.1192452,0.01861481
1.0478516,0.35164315,-1.1078316,0.010462261
1.0927734,0.36208722,-1.1038146,0.02492328
1.1396484,0.40007195,-1.0972086,0.02162026
1.1865234,0.4163641,-1.1216469,0.022434868
1.2333984,0.41065437,-1.1371447,0.037932694
1.2802734,0.41228142,-1.1306365,0.028983947
1.3251953,0.41549176,-1.1210054,0.040220138
1.3720703,0.42705503,-1.112746,0.0517834
1.4199219,0.43440053,-1.1054006,0.056680392
1.4658203,0.45374364,-1.0876694,0.059904244
1.5126953,0.46446207,-1.0926163,0.065675706
1.5595703,0.47016102,-1.0795902,0.06486157
1.6064453,0.50274813,-1.0608526,0.076267056
1.6523438,0.50600755,-1.0380368,0.0754522
1.6982422,0.51578265,-1.021745,0.07789597
1.7460938,0.524747,-1.0160404,0.07137645
1.7919922,0.53615373,-0.9915975,0.072191216
1.8378906,0.54658985,-0.9803586,0.072993994
1.8847656,0.55402386,-0.9597086,0.054821998
1.9316406,0.5515774,-0.9523692,0.057268444
1.9775391,0.5772663,-0.9419331,0.048437893
2.0234375,0.59434694,-0.92403907,0.04111761
2.071289,0.6188219,-0.9126174,0.02153763
2.118164,0.6345106,-0.9192231,0.030620549
2.1640625,0.64839697,-0.9159557,0.037972175
2.2109375,0.67528075,-0.9183997,0.036342856
2.2578125,0.66387284,-0.9143254,0.058343872
2.303711,0.6833932,-0.9175788,0.06729069
2.350586,0.67931575,-0.8980072,0.08033841
2.3964844,0.69073445,-0.8784323,0.075444676
2.444336,0.6915492,-0.8645819,0.052632235
2.4902344,0.715979,-0.85643864,0.06403282
2.5371094,0.7273945,-0.84013075,0.046094134
2.5830078,0.7201708,-0.832907,0.036462486
2.6298828,0.7491163,-0.8072696,0.03232741
2.6767578,0.76132673,-0.7779645,0.02744323
2.7226563,0.7759862,-0.7567897,0.020113494
2.7705078,0.8069885,-0.7421044,-0.012520507
2.8164063,0.8102167,-0.7211207,-0.03269713
2.8623047,0.82502174,-0.6898657,-0.035164632
2.9101563,0.83477247,-0.66873914,-0.03272695
2.9560547,0.849477,-0.6581192,-0.048248384
3.0029297,0.8592517,-0.6483445,-0.06291038
3.0488281,0.8731092,-0.64426875,-0.053128578
3.0966797,0.8976425,-0.6450865,-0.062124103
3.1425781,0.8968308,-0.6434632,-0.06699411
3.1884766,0.91309357,-0.630453,-0.068620384
3.2353516,0.9293878,-0.6060116,-0.05395556
3.2832031,0.92687774,-0.5934612,-0.05479225
3.328125,0.9402884,-0.5729507,-0.05321452
3.3740234,0.937848,-0.556681,-0.04101221
3.421875,0.9370344,-0.5574945,-0.042639323
3.4677734,0.94192374,-0.5444563,-0.048343536
3.5146484,0.95014805,-0.52965254,-0.045876246
3.5605469,0.9509624,-0.52232313,-0.035289306
3.6083984,0.95177776,-0.5141699,-0.07360958
3.6542969,0.94689137,-0.5060259,-0.08175356
3.7011719,0.95667064,-0.5003213,-0.0866432
3.7470703,0.9640054,-0.5035812,-0.08745817
3.7939453,0.9762285,-0.5027664,-0.06545668
3.8398438,0.97382325,-0.48432624,-0.07267238
3.8867188,0.97216797,-0.47687745,-0.07763825
3.9345703,0.9803011,-0.44841152,-0.05730544
3.9804688,1.0056229,-0.43615907,-0.06955789
4.026367,1.0153915,-0.42394835,-0.0679298
4.0722656,1.0202117,-0.40065056,-0.050255604
4.120117,1.0359156,-0.3717222,-0.03124553
4.166992,1.0342865,-0.36764932,-0.04427869
4.2128906,1.0334716,-0.3448315,-0.06057714
4.258789,1.0383619,-0.33097544,-0.07361814
4.3066406,1.028583,-0.3065283,-0.08584171
4.352539,1.0293975,-0.29919887,-0.098057404
4.399414,1.0359182,-0.2886026,-0.09561211
4.444336,1.0439404,-0.24849172,-0.10604093
4.4921875,1.0414934,-0.24359778,-0.10685659
4.538086,1.057829,-0.22644545,-0.10032237
4.584961,1.0765625,-0.2101554,-0.11905593
4.6328125,1.0930448,-0.19944197,-0.14460334
4.678711,1.0905972,-0.17904529,-0.13889226
4.7246094,1.1076888,-0.17416196,-0.13482282
4.772461,1.111766,-0.15214488,-0.12177566
4.8183594,1.1150105,-0.14484476,-0.115286656
4.864258,1.1206526,-0.12791844,-0.12979493
4.911133,1.1305816,-0.10557817,-0.13641426
4.958008,1.1370201,-0.07982433,-0.13319503
5.004883,1.1510086,-0.06665873,-0.13484073
5.0507813,1.1477513,-0.05932978,-0.14379832
5.0966797,1.1542312,-0.028550254,-0.13407847
5.1445313,1.1624687,-0.016194116,-0.12913601
5.1904297,1.1841947,0.010359909,-0.11384733
5.236328,1.193157,0.03561708,-0.111403085
5.283203,1.2120906,0.057843477,-0.10317109
5.330078,1.2305247,0.085093886,-0.100766644
5.376953,1.2330053,0.10907326,-0.081748515
5.423828,1.23219,0.1221179,-0.08908612
5.470703,1.2452254,0.13841215,-0.085827276
5.5166016,1.2550012,0.13596822,-0.08012478
5.5634766,1.272951,0.16615662,-0.086652
5.609375,1.2949284,0.18813401,-0.07281438
5.6572266,1.3022618,0.2109489,-0.10703672
5.703125,1.3038929,0.224813,-0.08991048
5.7490234,1.3128421,0.22888087,-0.10618198
5.796875,1.3161019,0.24110523,-0.12166617
5.841797,1.3209164,0.27721447,-0.13209772
5.8896484,1.324226,0.30120906,-0.13457993
5.935547,1.3372606,0.34194207,-0.11991605
5.982422,1.3462063,0.37772474,-0.11828957
6.029297,1.3551935,0.37935877,-0.113387436
6.0751953,1.3632209,0.39942732,-0.09733259
6.1220703,1.3549526,0.41596413,-0.09319839
6.1689453,1.3622848,0.4347021,-0.08016327
6.2148438,1.3981091,0.44202977,-0.09319027
6.2617188,1.4062622,0.4444757,-0.10134334
6.3085938,1.4095188,0.4558741,-0.10215751
6.354492,1.4208082,0.47603366,-0.09490007
6.401367,1.4191642,0.5138461,-0.10723022
6.4472656,1.4362952,0.5326086,-0.08683616
6.495117,1.4509785,0.54239756,-0.09825659
6.5410156,1.452608,0.5554338,-0.10233042
6.586914,1.456617,0.5610464,-0.10553761
6.633789,1.4673725,0.56683785,-0.09809148
6.680664,1.4966978,0.57661295,-0.101349846
6.727539,1.5097452,0.60026145,-0.10787357
6.7734375,1.5178936,0.6043356,-0.12824444
6.821289,1.5244031,0.61979586,-0.13312663
6.8671875,1.5219569,0.6515956,-0.12660362
6.913086,1.5407143,0.6540422,-0.12415701
6.959961,1.5423386,0.68571633,-0.14202447
7.006836,1.5407059,0.71918625,-0.13549376
7.0527344,1.5623989,0.74971706,-0.14513506
7.098633,1.5607712,0.77982837,-0.15571472
7.145508,1.5715336,0.795558,-0.14246877
7.1933594,1.5755969,0.8166877,-0.16034777
7.239258,1.5886161,0.84842193,-0.1815039
7.286133,1.5943328,0.8443386,-0.15455371
7.333008,1.591905,0.86214256,-0.14727028
7.3789063,1.6066,0.84989667,-0.13175882
7.4257813,1.6106694,0.8800093,-0.12768956
7.4716797,1.6334304,0.91008633,-0.14150873
7.5185547,1.6480905,0.9206742,-0.13825093
7.5654297,1.6594989,0.9426762,-0.15454867
7.6132813,1.6738881,0.950294,-0.17147712
7.6591797,1.6817783,0.9597623,-0.1983039
7.705078,1.6785244,0.96627015,-0.19342297
7.7509766,1.6834134,0.98256683,-0.19097847
7.7978516,1.6850427,1.0004894,-0.19260779
7.8447266,1.6906883,1.0037154,-0.19583382
7.8916016,1.6865727,0.9979536,-0.1876027
7.9375,1.6996195,1.0183394,-0.18434098
7.9833984,1.7110204,1.0346262,-0.18596968
8.03125,1.7142913,1.0558879,-0.18433416
8.077148,1.7150962,1.0631324,-0.18352921
8.124023,1.7447377,1.0779531,-0.20576033
8.170898,1.7357755,1.1113577,-0.2122783
8.216797,1.7333367,1.1268029,-0.19358137
8.263672,1.7504346,1.135759,-0.20335162
8.310547,1.7703654,1.1573505,-0.21913007
8.357422,1.7863944,1.1950185,-0.19107941
8.404297,1.8054986,1.2215984,-0.2118449
8.450195,1.8103415,1.2417772,-0.22153074
8.498047,1.8177123,1.2434151,-0.21497887
8.543945,1.8291374,1.2581046,-0.2035538
8.589844,1.8339251,1.281245,-0.21312916
8.634766,1.8505696,1.2844154,-0.19489953
8.681641,1.8756394,1.3019643,-0.18654293
8.728516,1.8860722,1.3099895,-0.19777814
8.7734375,1.8781383,1.3552121,-0.19857152
8.819336,1.8773389,1.379994,-0.2113622
8.864258,1.8845347,1.3887889,-0.21615943
8.90918,1.889264,1.3990358,-0.22404161
8.957031,1.9144311,1.4323213,-0.2086166
9.004883,1.9135754,1.4434445,-0.22059539
9.050781,1.9399117,1.4649924,-0.22697996
9.097656,1.9326444,1.4916394,-0.2350548
9.143555,1.9253154,1.5022256,-0.23424047
9.191406,1.9345242,1.5256662,-0.25935543
9.236328,1.9440135,1.5588787,-0.26647237
9.283203,1.9611552,1.5727552,-0.26483983
9.330078,1.972533,1.5808822,-0.26158902
9.375977,2.0042236,1.5963211,-0.2737777
9.425781,2.011092,1.6177849,-0.2840803
9.470703,2.035047,1.640143,-0.28088626
9.516602,2.0431185,1.670007,-0.29622182
9.561523,2.043911,1.6811036,-0.29701445
9.609375,2.0471797,1.7048018,-0.31989548
9.655273,2.055305,1.7137395,-0.31583285
9.702148,2.0544832,1.7293553,-0.32487363
9.748047,2.0650759,1.7537999,-0.32731807
9.794922,2.0714056,1.7625034,-0.32494438
9.839844,2.0895448,1.788529,-0.3612225
9.884766,2.1030092,1.81229,-0.35251015
9.930664,2.1143143,1.8276325,-0.34685764
9.977539,2.1232677,1.8520508,-0.3729038
10.025391,2.1291323,1.879698,-0.38211954
10.071289,2.1568313,1.8837714,-0.39189565
10.119141,2.1725113,1.9068788,-0.3795167
10.165039,2.1885626,1.9261404,-0.40118602
10.2109375,2.2121964,1.953849,-0.39874116
10.256836,2.2356012,1.954656,-0.39228463
10.301758,2.2395504,1.9633441,-0.40413204
10.349609,2.2478397,1.9824097,-0.4091057
10.397461,2.2545266,1.9982909,-0.39155278
10.442383,2.2687354,2.019604,-0.40260398
10.489258,2.2856746,2.0308967,-0.38727805
10.53418,2.2968588,2.0300977,-0.3856803
10.581055,2.3115046,2.041489,-0.3832393
10.625977,2.317805,2.0580275,-0.3682758
10.671875,2.3381445,2.0930111,-0.39268303
10.71875,2.3276205,2.0881538,-0.38215888
10.764648,2.3340676,2.117972,-0.40633565
10.811523,2.3503902,2.1261332,-0.3940937
10.856445,2.3575532,2.1492143,-0.4012568
10.904297,2.3501725,2.1631558,-0.39305595
10.949219,2.3659732,2.1963375,-0.40174636
10.998047,2.3892317,2.2230415,-0.4034692
11.044922,2.4142177,2.2367435,-0.3986332
11.089844,2.4246447,2.2487745,-0.406654
11.137695,2.430507,2.2646863,-0.41837847
11.183594,2.4426692,2.27847,-0.42972982
11.230469,2.4522376,2.2864437,-0.44009563
11.275391,2.4641924,2.3063684,-0.4472685
11.3203125,2.4785643,2.3215387,-0.45445442
11.366211,2.4969141,2.3366973,-0.4480718
11.413086,2.5504427,2.3480518,-0.44077247
11.458984,2.5744815,2.3552635,-0.4455802
11.504883,2.6013763,2.3707483,-0.43091035
11.551758,2.594864,2.404125,-0.42439783
11.59668,2.6132574,2.4225185,-0.4443907
11.644531,2.6206074,2.4380352,-0.4452074
11.691406,2.6214314,2.4594584,-0.455919
11.737305,2.6238525,2.481249,-0.43816358
11.78418,2.6490765,2.5268152,-0.43897727
11.831055,2.6746993,2.5350807,-0.4373242
11.875977,2.6961927,2.5470216,-0.4293636
11.922852,2.7067955,2.5747516,-0.4228389
11.97168,2.7076392,2.584877,-0.4354956
12.017578,2.7181222,2.6147132,-0.45162323
12.0625,2.719706,2.626592,-0.46587762
12.110352,2.7347116,2.6315937,-0.4675449
12.15625,2.7395356,2.658929,-0.4788007
12.203125,2.741981,2.6695266,-0.49347404
12.249023,2.7606921,2.7036946,-0.4999822
12.295898,2.775321,2.7305143,-0.5316782
12.341797,2.7849782,2.7417808,-0.5196069
12.388672,2.7973633,2.768202,-0.5270379
12.43457,2.8087573,2.773085,-0.52541023
12.482422,2.8291488,2.8073428,-0.55395824
12.52832,2.8421876,2.8203816,-0.53928965
12.575195,2.8462608,2.8554106,-0.5278849
12.620117,2.8575132,2.8562143,-0.52547365
12.667969,2.8690774,2.8809948,-0.5048232
12.714844,2.8869715,2.8866882,-0.4934361
12.760742,2.9105916,2.9192677,-0.51624167
12.80957,2.9257233,2.9486904,-0.5187636
12.854492,2.9486465,2.9613378,-0.5345728
12.900391,2.945404,2.98971,-0.52889836
12.947266,2.944588,3.0068495,-0.50849426
12.994141,2.9478364,3.0198438,-0.5369192
13.040039,2.952725,3.0638402,-0.52225375
13.086914,2.9486232,3.0925524,-0.52471477
13.133789,2.951068,3.117,-0.52308494
13.180664,2.9616663,3.1300442,-0.53205276
13.2265625,2.9706025,3.148729,-0.5474881
13.2734375,2.9852786,3.1707432,-0.5507495
13.3203125,2.988546,3.1862626,-0.5458486
13.366211,2.9934328,3.222099,-0.5320027
13.4140625,2.999305,3.2439098,-0.53368044
13.4609375,2.9976802,3.263407,-0.5401795
13.5078125,2.9993134,3.2789211,-0.53364724
13.553711,3.0115182,3.3187907,-0.5360882
13.599609,3.0329297,3.3465462,-0.53133017
13.646484,3.029686,3.3733075,-0.52970827
13.693359,3.0387325,3.4037368,-0.5552031
13.739258,3.0541236,3.3980665,-0.5333315
13.785156,3.0508387,3.4128492,-0.5390803
13.833984,3.064957,3.440255,-0.54572415
13.878906,3.0873396,3.4562426,-0.55531675
13.924805,3.094622,3.481326,-0.5634082
13.970703,3.1096945,3.5059183,-0.560235
14.017578,3.13321,3.5391643,-0.58212876
14.063477,3.1299949,3.558455,-0.56283814
14.108398,3.1363802,3.5696292,-0.5556547
14.154297,3.1477048,3.5995586,-0.5580814
14.201172,3.1604366,3.5987628,-0.56126434
14.248047,3.1795726,3.6228907,-0.5804004
14.292969,3.197022,3.634788,-0.5692963
14.34082,3.212087,3.6448312,-0.5718071
14.386719,3.219177,3.6708286,-0.5922898
14.432617,3.228962,3.6830597,-0.5816894
14.478516,3.2338,3.6999922,-0.5873336
14.525391,3.2526543,3.7327824,-0.5602818
14.572266,3.2493954,3.7547796,-0.5708731
14.618164,3.2631977,3.7612748,-0.5838634
14.665039,3.275477,3.777647,-0.5985984
14.712891,3.2763,3.7801158,-0.6027129
14.758789,3.3105252,3.7947838,-0.63530844
14.805664,3.349639,3.8094516,-0.6230854
14.850586,3.3672893,3.8254974,-0.6134579
14.8984375,3.355713,3.851131,-0.6225537
14.9453125,3.3622315,3.8820946,-0.6087015
14.991211,3.3662963,3.8926632,-0.6046367
15.0390625,3.3859158,3.9065604,-0.6062717
15.083984,3.392344,3.922631,-0.6151105
15.130859,3.389868,3.9581196,-0.6431713
15.177734,3.4134958,3.972785,-0.666799
15.224609,3.4257164,3.9907086,-0.6733167
15.271484,3.4191964,4.024124,-0.67657673
15.317383,3.438763,4.0387993,-0.6977738
15.363281,3.428313,4.0540724,-0.68410844
15.411133,3.4373953,4.0829706,-0.6849341
15.457031,3.4675262,4.101701,-0.68411976
15.503906,3.482172,4.1309924,-0.6588962
15.549805,3.4936054,4.148959,-0.66297954
15.59668,3.4992137,4.1818085,-0.67179275
15.643555,3.5083265,4.22903,-0.69581777
15.689453,3.5278716,4.239617,-0.67138636
15.737305,3.5392816,4.2665114,-0.6689414
15.783203,3.5343971,4.285235,-0.6664992
15.829102,3.5368414,4.2803464,-0.69094163
15.875,3.550541,4.2908225,-0.67885375
15.922852,3.566206,4.2924714,-0.68132716
15.969727,3.5776057,4.3006144,-0.6544561
16.015625,3.5751612,4.330764,-0.66260463
16.061523,3.5824754,4.354332,-0.6569157
16.108398,3.5768461,4.375241,-0.6617409
16.155273,3.5660865,4.389311,-0.6642239
16.202148,3.6010613,4.414525,-0.6601571
16.249023,3.602691,4.418599,-0.656083
16.294922,3.6116529,4.4503727,-0.66015655
16.341797,3.5985827,4.468344,-0.6536215
16.387695,3.624468,4.489376,-0.6568572
16.43457,3.6447594,4.520219,-0.6552339
16.481445,3.6618736,4.543853,-0.6682732
16.527344,3.6708207,4.5698805,-0.68128705
16.575195,3.6732924,4.581415,-0.6829348
16.621094,3.6724887,4.597487,-0.6740952
16.667969,3.6865294,4.606572,-0.6674878
16.71289,3.6993966,4.630698,-0.66185844
16.760742,3.7237399,4.6444926,-0.66997284
16.807617,3.7245674,4.6684904,-0.66087025
16.853516,3.735828,4.6910114,-0.6777609
16.90039,3.7523644,4.7174697,-0.69925827
16.947266,3.7759774,4.754925,-0.70332944
16.993164,3.7767916,4.7866745,-0.72531015
17.04004,3.7857707,4.8119793,-0.72041243
17.086914,3.8004258,4.8046517,-0.71145654
17.132813,3.8020344,4.8360176,-0.713065
17.179688,3.8102856,4.871498,-0.7295675
17.225586,3.821694,4.915502,-0.7360866
17.273438,3.832296,4.926104,-0.75321287
17.319336,3.8266,4.953769,-0.75809497
17.365234,3.835436,4.9842935,-0.7805865
17.41211,3.8660512,5.004979,-0.7946529
17.45996,3.8741925,5.0082355,-0.8101211
17.50586,3.8937645,5.018837,-0.8109366
17.551758,3.9018419,5.043069,-0.806898
17.59961,3.8969378,5.050425,-0.8240621
17.645508,3.9133077,5.0659766,-0.85189086
17.692383,3.9190118,5.092868,-0.8527058
17.738281,3.9255311,5.111611,-0.8690039
17.785156,3.9540448,5.1327925,-0.86981857
17.832031,3.9613836,5.159701,-0.8730802
17.876953,3.975007,5.1885505,-0.864265
17.925781,3.9816287,5.1959996,-0.8667481
17.97168,4.0003767,5.2196383,-0.8618573
18.017578,4.0125904,5.2310376,-0.86267155
18.063477,4.0190463,5.2625103,-0.85944355
18.110352,4.034434,5.2803273,-0.86430275
18.157227,4.0163803,5.313152,-0.8831768
18.204102,4.033617,5.336134,-0.89056385
18.25,4.041763,5.3597565,-0.87264323
18.298828,4.0518317,5.3908024,-0.87516046
18.34375,4.0534163,5.4018936,-0.8862516
18.389648,4.0671525,5.4220943,-0.8919078
18.438477,4.0788026,5.447891,-0.89523643
18.485352,4.1003227,5.4934144,-0.90351343
18.53125,4.115637,5.51034,-0.9123794
18.576172,4.122764,5.5356812,-0.92504996
18.623047,4.1366253,5.550358,-0.91852707
18.669922,4.1473107,5.5955644,-0.9086638
18.71582,4.1577425,5.6108108,-0.9118736
18.761719,4.1740336,5.6254725,-0.91839004
18.808594,4.1797223,5.653104,-0.93626904
18.855469,4.16833,5.6563587,-0.9460336
18.901367,4.1773615,5.671137,-0.94931763
18.948242,4.208617,5.6818295,-0.9386249
18.996094,4.211062,5.6981277,-0.92232645
19.041992,4.213506,5.7339735,-0.9247705
19.088867,4.2257333,5.763318,-0.94759417
19.135742,4.227363,5.795914,-0.957373
19.18164,4.2322526,5.826065,-0.9810048
19.228516,4.226559,5.821185,-0.9850714
19.274414,4.23633,5.8301415,-0.9769292
19.322266,4.2444916,5.8505454,-0.99488443
19.367188,4.258985,5.84974,-1.0037415
19.414063,4.262288,5.872863,-0.99796087
19.461914,4.266355,5.889944,-0.98332
19.507813,4.27206,5.9225445,-1.0028802
19.554688,4.2631006,5.955938,-0.9849619
19.600586,4.2541213,5.9689984,-0.9800642
19.64746,4.2793303,5.992581,-0.9857565
19.694336,4.2891116,6.0186644,-0.967824
19.740234,4.3070383,6.027628,-0.9727131
19.78711,4.333109,6.0349603,-0.9776014
19.833984,4.3445287,6.0578003,-0.98331136
19.879883,4.3517513,6.0754557,-0.9817063
19.926758,4.3558826,6.087849,-0.98914254
19.973633,4.3811526,6.1286077,-1.0078914
20.019531,4.38924,6.1447816,-0.99414366
20.066406,4.4031796,6.1644616,-0.9900437
20.112305,4.4168534,6.206288,-0.9868263
20.160156,4.440791,6.22032,-0.98352456
20.206055,4.44731,6.2349877,-0.9916731
20.25293,4.459543,6.252114,-0.98841095
20.298828,4.473379,6.256997,-0.96073866
20.345703,4.466858,6.281452,-0.96236897
20.392578,4.488042,6.292044,-0.9737757
20.438477,4.505984,6.3042774,-0.99334896
20.486328,4.5116816,6.3319516,-0.9917211
20.532227,4.5459003,6.341728,-0.9900916
20.578125,4.563824,6.3547635,-0.98275924
20.625,4.5719266,6.3968964,-0.98113877
20.671875,4.5801196,6.4181986,-0.9942478
20.71875,4.58907,6.4393535,-0.9779749
20.764648,4.600473,6.47112,-0.97553134
20.810547,4.623326,6.4694877,-0.9779799
20.857422,4.644235,6.489593,-0.97476304
20.904297,4.6318526,6.516009,-0.98219246
20.951172,4.6261506,6.5331154,-0.9691587
20.998047,4.628595,6.568151,-0.96182567
21.043945,4.6310396,6.6056404,-0.94715583
21.09082,4.6359267,6.62519,-0.9365666
21.136719,4.6617007,6.642104,-0.95911884
21.18457,4.666646,6.661061,-0.968185
21.230469,4.6731515,6.6789513,-0.97387743
21.276367,4.6845584,6.690358,-0.9860992
21.324219,4.711503,6.706688,-0.99916315
21.370117,4.697836,6.7139235,-1.0136342
21.416992,4.7209506,6.730434,-1.024366
21.46289,4.734803,6.7516203,-1.0569601
21.509766,4.7453976,6.7736235,-1.0479958
21.55664,4.7535443,6.80621,-1.056957
21.60254,4.766579,6.824948,-1.0479956
21.649414,4.8114038,6.8445077,-1.0667404
21.69629,4.8260646,6.8396206,-1.0585954
21.742188,4.865994,6.872216,-1.083042
21.788086,4.8917756,6.8971925,-1.0894874
21.835938,4.917316,6.914494,-1.1001979
21.881836,4.9205313,6.9378047,-1.1026094
21.92871,4.9238286,6.965834,-1.1149752
21.97461,4.929533,6.9747977,-1.1051966
22.02246,4.9270844,6.986225,-1.125603
22.06836,4.9450283,7.0261917,-1.1223404
22.114258,4.9522557,7.04145,-1.1359924
22.161133,4.960512,7.075301,-1.1326898
22.208008,4.977625,7.106267,-1.1718044
22.254883,4.9816976,7.1119685,-1.1734334
22.300781,5.0045047,7.1266303,-1.1783206
22.348633,5.0167327,7.133967,-1.1660926
22.394531,5.02488,7.142114,-1.1481682
22.44043,5.0387287,7.1738853,-1.153056
22.487305,5.0500917,7.18606,-1.1408815
22.53418,5.068905,7.1958756,-1.127794
22.581055,5.0623865,7.242318,-1.1220906
22.626953,5.0656037,7.2334714,-1.129329
22.672852,5.062313,7.258151,-1.1211023
22.720703,5.072103,7.2793627,-1.1308923
22.766602,5.061511,7.285881,-1.1333367
22.813477,5.0696764,7.30956,-1.1317036
22.858398,5.0913744,7.3119707,-1.1260781
22.907227,5.095505,7.3450155,-1.1211214
22.953125,5.1264505,7.3702602,-1.1170497
22.999023,5.128895,7.384112,-1.1154201
23.046875,5.152521,7.3922586,-1.1105319
23.092773,5.1672354,7.3987985,-1.1260637
23.139648,5.1891985,7.419948,-1.1455866
23.185547,5.211169,7.443546,-1.1488415
23.232422,5.214427,7.467983,-1.1520998
23.279297,5.2176857,7.481833,-1.163506
23.325195,5.2225747,7.509538,-1.1317267
23.37207,5.216138,7.5368958,-1.1260943
23.418945,5.224387,7.5657682,-1.130219
23.464844,5.2227755,7.5867224,-1.1455317
23.511719,5.235155,7.614783,-1.1414051
23.558594,5.2473545,7.642435,-1.1397785
23.605469,5.270986,7.672586,-1.1389636
23.651367,5.289719,7.70598,-1.1348912
23.697266,5.2840133,7.7385836,-1.1414119
23.74414,5.2904434,7.7578745,-1.1518612
23.791016,5.300245,7.788912,-1.1763645
23.836914,5.3124876,7.7995224,-1.1584085
23.884766,5.3272853,7.8036327,-1.146077
23.930664,5.3566523,7.821579,-1.1599447
23.97754,5.3672347,7.843558,-1.1745971
24.023438,5.376195,7.861478,-1.1957756
24.07129,5.4022713,7.8720713,-1.1941458
24.11621,5.40388,7.889767,-1.1917328
24.163086,5.4055123,7.909354,-1.1860199
24.208984,5.4160833,7.9394407,-1.2014699
24.256836,5.421031,7.948511,-1.2022945
24.302734,5.434772,7.973568,-1.2208852
24.34961,5.438029,7.9882245,-1.213557
24.396484,5.4454317,7.987402,-1.2184923
24.44336,5.459288,7.9947376,-1.2078962
24.489258,5.474765,8.011844,-1.2046379
24.536133,5.48048,8.036338,-1.198106
24.583008,5.484551,8.052622,-1.1753088
24.628906,5.493415,8.079214,-1.1656389
24.675781,5.509015,8.103025,-1.1787759
24.722656,5.513089,8.117693,-1.1673679
24.769531,5.518806,8.14791,-1.1714513
24.81543,5.5228786,8.157684,-1.160048
24.861328,5.5383306,8.151992,-1.1689938
24.90918,5.539147,8.173216,-1.1796061
24.955078,5.560185,8.194254,-1.1618048
25.001953,5.5905275,8.199174,-1.1634449
25.047852,5.603568,8.211399,-1.1748552
25.094727,5.608457,8.240732,-1.1699665
25.140625,5.613306,8.267401,-1.1707746
25.1875,5.616587,8.273963,-1.1847193
25.235352,5.6222887,8.297583,-1.1969366
25.28125,5.6345086,8.319578,-1.1822727
25.327148,5.6353235,8.3415785,-1.1961246
25.373047,5.6417804,8.356107,-1.1945103
25.420898,5.640956,8.376714,-1.2002802
25.467773,5.653173,8.392189,-1.2100538
25.513672,5.6605086,8.415826,-1.2214646
25.561523,5.6776547,8.436238,-1.2198317
25.607422,5.6841516,8.472784,-1.2263287
25.65332,5.6882305,8.495625,-1.2540635
25.700195,5.7199497,8.522464,-1.2630099
25.74707,5.7321706,8.528981,-1.2605658
25.792969,5.739508,8.5501795,-1.2687188
25.839844,5.757452,8.577911,-1.2695345
25.886719,5.7673926,8.582882,-1.2546237
25.933594,5.764187,8.595705,-1.2626383
25.979492,5.781329,8.632439,-1.2634547
26.02539,5.796584,8.650905,-1.2706807
26.072266,5.807297,8.677276,-1.255847
26.11914,5.8081026,8.694989,-1.238939
26.166016,5.8138623,8.713092,-1.2446989
26.21289,5.8264575,8.718969,-1.2371417
26.259766,5.8320117,8.732458,-1.2387286
26.30664,5.8680053,8.76343,-1.2604922
26.351563,5.8775067,8.7856,-1.2573249
26.398438,5.8872733,8.809202,-1.2500001
26.445313,5.897004,8.829474,-1.2378366
26.49121,5.9197803,8.859571,-1.2313291
26.538086,5.9254847,8.862016,-1.2182906
26.583984,5.9197807,8.872608,-1.2280686
26.63086,5.923021,8.883948,-1.2288786
26.677734,5.9370494,8.8889,-1.2627116
26.723633,5.944367,8.913292,-1.284665
26.771484,5.969626,8.959736,-1.2985166
26.817383,5.983476,8.998842,-1.3074784
26.863281,5.998894,9.011014,-1.3172162
26.910156,6.007018,9.031324,-1.3285898
26.957031,6.036342,9.072866,-1.3326626
27.003906,6.035517,9.114944,-1.3623645
27.049805,6.0468864,9.131998,-1.385103
27.097656,6.059923,9.155626,-1.3899916
27.143555,6.0729656,9.181711,-1.3834703
27.189453,6.0859733,9.195532,-1.397291
27.236328,6.0900464,9.203678,-1.385886
27.283203,6.083528,9.205308,-1.3842564
27.330078,6.1046753,9.240283,-1.3858831
27.375977,6.103042,9.276212,-1.403031
27.421875,6.112792,9.290025,-1.4135935
27.470703,6.117849,9.3009815,-1.4287642
27.516602,6.128272,9.324234,-1.4359804
27.5625,6.1348014,9.338108,-1.4147606
27.610352,6.1634426,9.361839,-1.4229437
27.65625,6.1754503,9.381852,-1.4253453
27.703125,6.1878533,9.405831,-1.4460168
27.749023,6.1927495,9.424599,-1.4370409
27.796875,6.2166996,9.443593,-1.4329116
27.842773,6.241574,9.446,-1.42569
27.888672,6.2551947,9.468434,-1.4136715
27.933594,6.264007,9.486059,-1.4385066
27.980469,6.262385,9.503904,-1.4563518
28.026367,6.2687216,9.51737,-1.4373413
28.07129,6.263154,9.5483885,-1.443704
28.117188,6.2815514,9.550788,-1.4357051
28.16211,6.2871814,9.566874,-1.4421393
28.20996,6.295345,9.597078,-1.4372411
28.256836,6.3101616,9.60284,-1.4495883
28.30371,6.3051653,9.610334,-1.4720713
28.350586,6.3368874,9.634736,-1.4850854
28.39746,6.349871,9.648531,-1.4891428
28.442383,6.3673277,9.666781,-1.4772404
28.49121,6.377387,9.70115,-1.4671812
28.536133,6.395802,9.729173,-1.4751878
28.583008,6.419634,9.772727,-1.481762
28.62793,6.4212284,9.80701,-1.508869
28.676758,6.423755,9.839015,-1.518976
28.722656,6.4357166,9.870913,-1.5157862
28.768555,6.467031,9.896606,-1.5254214
28.814453,6.492503,9.907289,-1.5328165
28.860352,6.5019755,9.927022,-1.5454462
28.907227,6.506862,9.94494,-1.5364873
28.952148,6.5242457,9.971805,-1.5333267
28.998047,6.540334,9.986284,-1.530109
29.043945,6.5476675,9.998506,-1.5366273
29.091797,6.5615616,10.02139,-1.5603291
29.137695,6.5745068,10.031099,-1.5668017
29.182617,6.592997,10.056022,-1.5732331
29.228516,6.596189,10.075174,-1.569243
29.27539,6.633617,10.077616,-1.6009752
29.322266,6.650728,10.10532,-1.5871233
29.368164,6.651542,10.115904,-1.5773535
29.416016,6.6622534,10.12332,-1.5938325
29.461914,6.6875486,10.143719,-1.5807769
29.50879,6.6924357,10.173856,-1.5612284
29.554688,6.713622,10.213783,-1.546561
29.60254,6.708734,10.240669,-1.5392286
29.64746,6.7223883,10.274403,-1.5336063
29.694336,6.7132983,10.2810135,-1.5195583
29.742188,6.721453,10.297323,-1.5130343
29.788086,6.6970253,10.295694,-1.5366478
29.83496,6.721465,10.314431,-1.5374625
29.879883,6.738311,10.339298,-1.5559123
29.927734,6.750722,10.355019,-1.5691507
29.97461,6.76617,10.36884,-1.5789073
30.020508,6.773523,10.392533,-1.5691034
30.067383,6.7873654,10.40149,-1.5707319
30.114258,6.7947063,10.434932,-1.5682849
30.160156,6.8157363,10.452726,-1.5739468
30.207031,6.8296833,10.497029,-1.5854326
30.253906,6.847588,10.499471,-1.5968267
30.300781,6.8459573,10.543495,-1.5870434
30.34668,6.8720193,10.573629,-1.5650537
30.392578,6.8873234,10.621152,-1.5578045
30.44043,6.8972197,10.64012,-1.5652264
30.486328,6.896405,10.664553,-1.55301
30.533203,6.910269,10.6873865,-1.559534
30.579102,6.9273634,10.720761,-1.5717444
30.625977,6.9410067,10.748851,-1.5613112
30.672852,6.9600296,10.74058,-1.5646195
30.71875,6.9706216,10.749542,-1.5638047
30.766602,6.9665475,10.764209,-1.5719529
30.8125,6.9714403,10.799274,-1.5662446
30.858398,6.9779553,10.826149,-1.5450708
30.905273,6.995062,10.873395,-1.5581042
30.952148,7.0105443,10.887248,-1.571957
30.998047,7.0226936,10.895348,-1.5687171
31.044922,7.039042,10.917418,-1.5572734
31.09082,7.055356,10.941889,-1.5605363
31.137695,7.066599,10.959556,-1.5693699
31.18457,7.083957,10.966995,-1.5784622
31.231445,7.08559,10.995571,-1.5645823
31.27832,7.0993147,11.023021,-1.5896095
31.324219,7.103422,11.041093,-1.5822163
31.371094,7.107499,11.060662,-1.5871086
31.416992,7.1140137,11.090791,-1.5952516
31.463867,7.1301885,11.098069,-1.6098089
31.510742,7.1416903,11.120251,-1.5859839
31.557617,7.171809,11.126763,-1.5924962
31.603516,7.1669197,11.160989,-1.5965706
31.65039,7.1813765,11.173036,-1.5909486
31.69629,7.1805634,11.200678,-1.5876966
31.743164,7.2161016,11.231257,-1.6000936
31.79004,7.2258887,11.264696,-1.5943844
31.836914,7.2495165,11.2712145,-1.5968287
31.882813,7.261566,11.286477,-1.5855825
31.929688,7.2847266,11.315428,-1.598817
31.976563,7.294482,11.326809,-1.59963
32.023438,7.3083763,11.360317,-1.6208794
32.069336,7.3051205,11.363573,-1.635531
32.115234,7.31327,11.382317,-1.6265666
32.163086,7.3051233,11.408385,-1.6396012
32.208984,7.311642,11.440979,-1.6363419
32.25586,7.3271246,11.4458685,-1.6444905
32.302734,7.3319645,11.480556,-1.6541706
32.348633,7.3369055,11.478909,-1.645936
32.39453,7.3296895,11.499754,-1.6756012
32.441406,7.350368,11.523741,-1.6913168
32.489258,7.3634067,11.555523,-1.7092451
32.535156,7.3829594,11.588111,-1.725539
32.581055,7.373185,11.618248,-1.745087
32.626953,7.3860254,11.636705,-1.7507046
32.674805,7.376924,11.665665,-1.757324
32.72168,7.3883233,11.683578,-1.7508101
32.76758,7.384246,11.70315,-1.7451016
32.814453,7.3981056,11.712118,-1.7557003
32.86133,7.4078746,11.721887,-1.7500019
32.907227,7.408678,11.734745,-1.7491982
32.9541,7.420252,11.769466,-1.7715191
33.000977,7.4324675,11.793898,-1.7707047
33.046875,7.434912,11.817531,-1.7739644
33.09375,7.456913,11.855828,-1.792706
33.140625,7.4553094,11.849415,-1.7710599
33.1875,7.4511704,11.856865,-1.788444
33.2334,7.4633937,11.887831,-1.7990376
33.279297,7.476418,11.899227,-1.785199
33.32715,7.482929,11.924458,-1.7868268
33.373047,7.512306,11.954651,-1.7680583
33.418945,7.544577,11.966752,-1.7712854
33.46582,7.5536265,11.988965,-1.7737535
33.512695,7.5634027,11.981633,-1.7867881
33.55957,7.5625873,11.995491,-1.8030918
33.60547,7.595978,12.028067,-1.8242661
33.652344,7.6192365,12.055335,-1.8322864
33.69922,7.6399217,12.076847,-1.8620727
33.745117,7.6488643,12.100423,-1.8604468
33.791992,7.6651793,12.118369,-1.8775774
33.838867,7.6635733,12.132021,-1.8912294
33.884766,7.679062,12.160553,-1.8920445
33.93164,7.6988726,12.192745,-1.8829647
33.97754,7.6939745,12.211522,-1.8903121
34.02539,7.6996713,12.222916,-1.895195
34.07129,7.7127094,12.257141,-1.9106779
34.118164,7.7004867,12.287291,-1.9294195
34.16504,7.7190986,12.313994,-1.9221365
34.210938,7.7158413,12.329467,-1.9547111
34.256836,7.7239804,12.340048,-1.9498278
34.30371,7.750056,12.357975,-1.9449387
34.351563,7.7623825,12.356332,-1.9613743
34.396484,7.7800817,12.373226,-1.9774644
34.44336,7.7883387,12.388914,-1.9840698
34.490234,7.80057,12.406854,-1.9734693
34.53711,7.7932434,12.400341,-1.9645147
34.583984,7.8038445,12.426435,-1.9694074
34.629883,7.806265,12.449024,-1.9782817
34.676758,7.8136635,12.481908,-1.9873246
34.723633,7.827518,12.509617,-2.008514
34.76953,7.822632,12.534861,-1.9897844
34.816406,7.8348703,12.565049,-1.993048
34.86328,7.843014,12.577265,-2.0101495
34.90918,7.855039,12.589291,-2.014158
34.956055,7.853387,12.604988,-2.0042436
35.001953,7.861554,12.596821,-2.0164945
35.049805,7.8762197,12.622079,-2.0262716
35.095703,7.8892436,12.624521,-2.0360394
35.1416,7.8908486,12.657424,-2.0328293
35.189453,7.894156,12.651636,-2.056807
35.23535,7.898233,12.678543,-2.0616992
35.282227,7.896602,12.666313,-2.0592532
35.328125,7.9023013,12.680154,-2.0568106
35.375,7.9103703,12.697906,-2.0729487
35.421875,7.9161325,12.725069,-2.074595
35.467773,7.9218326,12.722626,-2.0737808
35.515625,7.939773,12.74546,-2.08112
35.561523,7.9527984,12.768254,-2.0843763
35.6084,7.962577,12.784552,-2.094155
35.65332,7.9673877,12.794975,-2.0869386
35.70117,7.9781494,12.81236,-2.1059785
35.748047,7.9968905,12.826212,-2.119016
35.793945,7.9879293,12.859613,-2.1108694
35.84082,7.9968905,12.884052,-2.1198304
35.88672,7.998496,12.907329,-2.1382911
35.933594,8.020005,12.913119,-2.1548367
35.98047,8.014316,12.949696,-2.157275
36.027344,8.007778,12.980749,-2.1678984
36.073242,8.016715,13.003497,-2.1695232
36.120117,8.037941,13.031255,-2.1768708
36.166016,8.0395565,13.074865,-2.1760633
36.213867,8.061734,13.107721,-2.173599
36.259766,8.060104,13.122387,-2.1687105
36.305664,8.069852,13.135384,-2.1719596
36.350586,8.091134,13.157454,-2.176689
36.399414,8.124758,13.18183,-2.159877
36.445313,8.133696,13.215958,-2.1712527
36.49121,8.132889,13.236942,-2.1615672
36.539063,8.136994,13.276354,-2.1640306
36.585938,8.123144,13.307314,-2.153439
36.631836,8.144514,13.325396,-2.1567266
36.677734,8.150967,13.356852,-2.150274
36.72461,8.146914,13.3787365,-2.1348736
36.77246,8.165105,13.40189,-2.1290853
36.81836,8.173248,13.409219,-2.1266422
36.864258,8.1861105,13.423689,-2.1459363
36.91211,8.203506,13.4526825,-2.1252267
36.958008,8.206753,13.468102,-2.1146765
37.004883,8.223087,13.503222,-2.1236606
37.051758,8.236944,13.543164,-2.1456692
37.097656,8.258925,13.574101,-2.1586955
37.143555,8.248486,13.616665,-2.163514
37.19043,8.25923,13.631541,-2.1395462
37.23828,8.2796135,13.669047,-2.1452537
37.28418,8.289392,13.70409,-2.153403
37.33008,8.290208,13.7383175,-2.1444387
37.37793,8.287767,13.751331,-2.1371186
37.42383,8.302417,13.752145,-2.1127036
37.470703,8.310583,13.757045,-2.1135201
37.5166,8.339907,13.768448,-2.0956004
37.563477,8.359464,13.782301,-2.1135278
37.61035,8.383907,13.792893,-2.1070094
37.657227,8.38637,13.821618,-2.105368
37.703125,8.378283,13.8458805,-2.0924277
37.75,8.383986,13.869511,-2.1127987
37.7959,8.398664,13.88745,-2.1503093
37.842773,8.4133,13.911029,-2.1381135
37.88867,8.439831,13.931932,-2.1300738
37.936523,8.441484,13.960041,-2.1309006
37.98242,8.456117,13.973047,-2.1333392
38.02832,8.4667425,13.9959345,-2.1292522
38.07617,8.469187,14.042369,-2.1333253
38.12207,8.474071,14.080625,-2.138209
38.168945,8.48139,14.13593,-2.1471555
38.214844,8.497715,14.169395,-2.1324632
38.26172,8.517264,14.191388,-2.1300197
38.308594,8.520527,14.216671,-2.1422532
38.354492,8.526226,14.2248125,-2.1438813
38.402344,8.544366,14.266039,-2.1537757
38.448242,8.562891,14.283758,-2.165857
38.49414,8.5743065,14.330235,-2.1731954
38.541016,8.580007,14.354663,-2.1658666
38.58789,8.597127,14.369337,-2.186248
38.634766,8.606888,14.383164,-2.1724205
38.680664,8.608519,14.432092,-2.178944
38.726563,8.595473,14.447583,-2.196066
38.774414,8.610945,14.492371,-2.1879227
38.820313,8.619771,14.502,-2.1734793
38.86621,8.6490555,14.509321,-2.1824274
38.914063,8.671175,14.5224285,-2.1676812
38.95996,8.67036,14.543621,-2.1684964
39.00586,8.6890955,14.583536,-2.1799006
39.052734,8.69969,14.616949,-2.1668613
39.100586,8.716164,14.632599,-2.1643903
39.145508,8.71456,14.640619,-2.1788273
39.192383,8.725951,14.659334,-2.199983
39.239258,8.733396,14.686629,-2.21239
39.286133,8.751305,14.695584,-2.2099478
39.333008,8.743946,14.705396,-2.197683
39.378906,8.7561655,14.740424,-2.212346
39.42578,8.784669,14.764041,-2.2107172
39.472656,8.786299,14.800723,-2.2066414
39.518555,8.798525,14.824361,-2.2099018
39.56543,8.795268,14.845533,-2.215602
39.612305,8.803414,14.864269,-2.1903496
39.658203,8.806631,14.888396,-2.17909
39.70508,8.798379,14.922231,-2.1634107
39.750977,8.8114195,14.948312,-2.1797116
39.79883,8.835865,14.967053,-2.210676
39.844727,8.830977,15.010224,-2.2074177
39.890625,8.838197,15.01985,-2.209824
39.938477,8.856253,15.055141,-2.2048998
39.984375,8.865269,15.10596,-2.1975229
40.03125,8.867718,15.143517,-2.2146683
40.07715,8.88483,15.180185,-2.2252617
40.124023,8.885645,15.208677,-2.211423
40.1709,8.89375,15.217593,-2.2089913
40.216797,8.910978,15.250409,-2.2245789
40.26465,8.922338,15.272317,-2.2188993
40.310547,8.934449,15.278777,-2.2148619
40.35742,8.940223,15.312595,-2.2404315
40.402344,8.945847,15.333483,-2.2589087
40.450195,8.954108,15.354138,-2.2465155
40.49707,8.951662,15.393278,-2.2424386
40.54297,8.947587,15.41447,-2.249774
40.589844,8.959806,15.425875,-2.2619936
40.63672,8.976085,15.452734,-2.2807136
40.682617,8.982611,15.461706,-2.282345
40.729492,8.994005,15.492636,-2.284787
40.776367,9.003794,15.508135,-2.2798927
40.823242,9.021717,15.524428,-2.306777
40.86914,9.031488,15.532571,-2.3157341
40.91504,9.046074,15.543915,-2.337612
40.96289,9.072283,15.566029,-2.3523545
41.00879,9.092692,15.580724,-2.3548038
41.054688,9.11947,15.628597,-2.3499353
41.101563,9.147235,15.6490135,-2.3450356
41.148438,9.172122,15.689956,-2.3522606
41.195313,9.176255,15.689129,-2.3580468
41.24121,9.164848,15.712757,-2.3751569
41.289063,9.1827755,15.738833,-2.3898249
41.33496,9.195814,15.759207,-2.388195
41.38086,9.2023325,15.782835,-2.3759735
41.427734,9.228407,15.843133,-2.3939
41.47461,9.230851,15.874903,-2.387383
41.521484,9.257762,15.910784,-2.3751507
41.567383,9.279762,15.95071,-2.3743358
41.61328,9.290356,15.963748,-2.3881884
41.660156,9.302372,15.986177,-2.384984
41.70703,9.299889,16.008526,-2.3750515
41.753906,9.310476,16.026443,-2.3791237
41.80078,9.334959,16.053375,-2.407687
41.84668,9.363442,16.074533,-2.383273
41.89258,9.380311,16.105057,-2.3985345
41.939453,9.40676,16.119934,-2.4084527
41.987305,9.419766,16.128876,-2.4117043
42.033203,9.422215,16.157452,-2.4198692
42.0791,9.434437,16.18434,-2.439424
42.125977,9.438511,16.209599,-2.4361649
42.17285,9.4458475,16.234869,-2.4410558
42.219727,9.443402,16.255245,-2.450021
42.265625,9.432007,16.265013,-2.449207
42.3125,9.447503,16.288664,-2.471228
42.359375,9.475191,16.314722,-2.4752996
42.405273,9.493645,16.348421,-2.4728925
42.45215,9.501924,16.363323,-2.4488842
42.499023,9.512494,16.400726,-2.4562023
42.54492,9.523903,16.41784,-2.4684255
42.592773,9.521393,16.44461,-2.4600592
42.637695,9.51742,16.472425,-2.4727743
42.68457,9.525495,16.482922,-2.4711592
42.731445,9.527123,16.51142,-2.4654596
42.777344,9.532832,16.526915,-2.4727993
42.82422,9.528767,16.539923,-2.4817429
42.871094,9.531211,16.583113,-2.463
42.91797,9.541221,16.59479,-2.469673
42.963867,9.539618,16.610817,-2.492111
43.010742,9.561673,16.63369,-2.5108993
43.057617,9.559228,16.6451,-2.5263832
43.103516,9.564114,16.663828,-2.5402253
43.149414,9.568125,16.684689,-2.544237
43.197266,9.599578,16.697931,-2.5334766
43.243164,9.602834,16.73782,-2.539175
43.29004,9.593054,16.776125,-2.5236902
43.336914,9.619121,16.810337,-2.5310216
43.38379,9.624001,16.84775,-2.5505414
43.429688,9.618338,16.875257,-2.5570135
43.475586,9.621626,16.90485,-2.5315306
43.523438,9.619998,16.906477,-2.5356
43.569336,9.617553,16.926851,-2.5192997
43.61621,9.627483,16.921886,-2.52261
43.663086,9.6362505,16.930653,-2.5345647
43.708984,9.638698,16.93881,-2.5361962
43.754883,9.6533165,16.98023,-2.5386326
43.801758,9.658199,16.988367,-2.53375
43.848633,9.681704,16.994041,-2.5224032
43.895508,9.685805,17.035059,-2.5412717
43.941406,9.694744,17.05375,-2.5753999
43.987305,9.711863,17.10429,-2.590073
44.035156,9.716749,17.12302,-2.5957737
44.08203,9.737349,17.146091,-2.5965977
44.12793,9.738164,17.153433,-2.592519
44.174805,9.745377,17.164654,-2.5965261
44.220703,9.744561,17.175253,-2.60631
44.26758,9.761932,17.18766,-2.6013467
44.314453,9.775754,17.225872,-2.6167943
44.36133,9.804268,17.246239,-2.6192384
44.407227,9.814802,17.27703,-2.6014118
44.4541,9.82787,17.307251,-2.607946
44.5,9.818125,17.312937,-2.595764
44.546875,9.831149,17.340614,-2.59495
44.59375,9.82789,17.359352,-2.5802858
44.640625,9.84434,17.375801,-2.594268
44.6875,9.860635,17.39617,-2.5893798
44.7334,9.872851,17.42712,-2.608927
44.780273,9.89488,17.47281,-2.6113746
44.82617,9.891628,17.469559,-2.6024325
44.874023,9.89326,17.474455,-2.5999846
44.91992,9.881133,17.500326,-2.5991762
44.96582,9.889326,17.52982,-2.6098268
45.012695,9.901574,17.538801,-2.6228917
45.05957,9.905651,17.56979,-2.625338
45.106445,9.920301,17.601532,-2.6220825
45.151367,9.929131,17.611164,-2.6293066
45.19922,9.934925,17.635172,-2.6433797
45.246094,9.95038,17.642492,-2.651514
45.291992,9.952827,17.689806,-2.6498826
45.338867,9.946314,17.72156,-2.6441832
45.385742,9.956095,17.758238,-2.6523337
45.43164,9.9689665,17.780762,-2.6418757
45.478516,9.999512,17.817911,-2.6493056
45.524414,10.006839,17.851292,-2.6525621
45.572266,10.00521,17.876545,-2.6672256
45.618164,10.022325,17.90507,-2.6851554
45.664063,10.049652,17.921947,-2.6811366
45.711914,10.055431,17.949192,-2.6712291
45.757813,10.061137,17.958158,-2.6826403
45.804688,10.070921,17.98425,-2.6728566
45.850586,10.073352,17.994783,-2.6623225
45.89746,10.105277,18.030802,-2.7007966
45.944336,10.125669,18.06669,-2.7073216
45.990234,10.124044,18.09349,-2.7292495
46.036133,10.129746,18.12526,-2.7276204
46.083984,10.133006,18.15541,-2.7316947
46.129883,10.150155,18.180725,-2.7300615
46.17578,10.160588,18.199986,-2.7420995
46.223633,10.175477,18.223974,-2.7272105
46.270508,10.194211,18.259811,-2.7402425
46.316406,10.208062,18.272848,-2.745131
46.362305,10.224374,18.298132,-2.741053
46.40918,10.242813,18.300537,-2.7402513
46.456055,10.25356,18.321203,-2.7427313
46.50293,10.2682495,18.328548,-2.7280416
46.549805,10.284535,18.359491,-2.7532847
46.595703,10.281278,18.383924,-2.750027
46.6416,10.308596,18.419277,-2.760472
46.688477,10.330592,18.436386,-2.7498813
46.73535,10.340327,18.450989,-2.751504
46.78125,10.364933,18.462471,-2.755605
46.828125,10.38123,18.51625,-2.7661982
46.875,10.377938,18.540941,-2.783482
46.921875,10.382758,18.567448,-2.8132017
46.96875,10.396818,18.58647,-2.8107204
47.01465,10.398447,18.632078,-2.8082771
47.061523,10.413109,18.640223,-2.7960594
47.109375,10.432444,18.647789,-2.803625
47.155273,10.451859,18.67125,-2.81576
47.200195,10.463703,18.690199,-2.8276033
47.248047,10.480002,18.731762,-2.8194535
47.293945,10.495441,18.752888,-2.8064525
47.339844,10.507674,18.801003,-2.8031905
47.38672,10.512611,18.823217,-2.8319883
47.433594,10.515821,18.850504,-2.8368034
47.48047,10.536487,18.853811,-2.8533356
47.526367,10.547894,18.888033,-2.8728907
47.57422,10.5535965,18.918995,-2.864743
47.620117,10.565001,18.930399,-2.8810349
47.666016,10.5842495,18.939222,-2.8762226
47.71289,10.590046,18.967377,-2.882019
47.759766,10.585974,18.989367,-2.8974936
47.80664,10.580271,19.029285,-2.8901618
47.85254,10.605553,19.053753,-2.9121816
47.90039,10.62178,19.082962,-2.923541
47.94629,10.628322,19.118122,-2.9145467
47.992188,10.643759,19.13762,-2.9177966
48.039063,10.653559,19.16212,-2.91698
48.085938,10.666607,19.173538,-2.9210577
48.132813,10.690216,19.193892,-2.9121025
48.17871,10.717265,19.22094,-2.9194794
48.22461,10.731032,19.26548,-2.9397247
48.27246,10.72777,19.297295,-2.9315672
48.31836,10.736726,19.314392,-2.9283104
48.365234,10.744877,19.35352,-2.9128225
48.410156,10.7544985,19.366348,-2.9160295
48.458008,10.76029,19.392826,-2.905273
48.504883,10.774083,19.390392,-2.917443
48.55078,10.766729,19.423893,-2.933785
48.598633,10.769989,19.440193,-2.94438
48.643555,10.768411,19.457556,-2.931752
48.69043,10.760062,19.488447,-2.9259079
48.737305,10.769025,19.530817,-2.9332411
48.783203,10.778493,19.571844,-2.9427087
48.83008,10.777659,19.582682,-2.944376
48.875977,10.78092,19.589203,-2.9696434
48.92285,10.793902,19.602997,-2.9485464
48.969727,10.799632,19.64065,-2.941998
49.0166,10.81701,19.656372,-2.9527557
49.063477,10.830854,19.682432,-2.9446118
49.11035,10.83167,19.716671,-2.9348292
49.15625,10.842191,19.73124,-2.9526339
49.203125,10.872474,19.750063,-2.931354
49.249023,10.884659,19.772808,-2.9467888
49.296875,10.883024,19.785065,-2.9402518
49.342773,10.885471,19.806273,-2.9288325
49.38867,10.879769,19.826635,-2.9223163
49.436523,10.904907,19.856638,-2.9190726
49.48242,10.911449,19.882809,-2.9256153
49.529297,10.920401,19.910475,-2.9589777
49.575195,10.922845,19.933285,-2.9573483
49.62207,10.933455,19.969198,-2.9565322
49.66797,10.926214,19.99414,-2.9645782
49.714844,10.92869,19.999916,-2.9744794
49.76172,10.926246,19.996658,-2.980182
49.808594,10.950689,20.03088,-2.976108
49.854492,10.963731,20.060223,-2.9769232
49.901367,10.967804,20.083845,-2.9891422
49.948242,10.97585,20.095915,-2.9851189
49.995117,10.990666,20.102499,-2.9900577
50.041016,11.006959,20.129381,-2.9941308
50.086914,11.014309,20.15633,-3.0169966
50.134766,11.040405,20.17427,-3.017812
50.18164,11.034663,20.208721,-3.0153513
50.22754,11.029004,20.22489,-3.0501146
50.273438,11.04286,20.252602,-3.0517447
50.320313,11.06811,20.287626,-3.0493011
50.367188,11.068925,20.3357,-3.082708
50.413086,11.085023,20.356627,-3.087537
50.460938,11.114711,20.392086,-3.0858877
50.506836,11.139115,20.40917,-3.0907686
50.552734,11.121188,20.426283,-3.1095107
50.59961,11.117924,20.466278,-3.1380782
50.646484,11.129328,20.477682,-3.1413367
50.69336,11.1204,20.505276,-3.1567564
50.739258,11.126946,20.533916,-3.1862152
50.78711,11.148151,20.563278,-3.1878464
50.833008,11.160354,20.588497,-3.18866
50.878906,11.176658,20.59665,-3.1690946
50.92578,11.189775,20.610586,-3.1936908
50.972656,11.187347,20.629204,-3.1953099
51.018555,11.19792,20.63327,-3.208322
51.06543,11.228756,20.66086,-3.2131908
51.11133,11.254153,20.679703,-3.2254798
51.15918,11.272104,20.689495,-3.2238479
51.20508,11.269662,20.668331,-3.2669914
51.251953,11.289213,20.672403,-3.2466257
51.29883,11.293286,20.693584,-3.2278893
51.344727,11.298991,20.70092,-3.2450044
51.3916,11.325065,20.7384,-3.2295237
51.4375,11.345166,20.760914,-3.2279155
51.48535,11.347642,20.792278,-3.2336931
51.53125,11.36231,20.805317,-3.2377677
51.57715,11.3949,20.825686,-3.2410266
51.624023,11.407939,20.856651,-3.2508054
51.6709,11.433661,20.875942,-3.2403557
51.717773,11.446046,20.885849,-3.2271461
51.762695,11.456522,20.909218,-3.2255344
51.80957,11.454876,20.932264,-3.2263575
51.85742,11.452436,20.97049,-3.249943
51.90332,11.465481,20.988424,-3.2523887
51.950195,11.4744625,20.995773,-3.2687194
51.99707,11.4818,21.02431,-3.2752419
52.04297,11.479362,21.039751,-3.289058
52.089844,11.503804,21.087008,-3.2833545
52.135742,11.515229,21.104145,-3.315997
52.183594,11.527666,21.143112,-3.3118515
52.229492,11.540483,21.17035,-3.3094482
52.27539,11.560842,21.189892,-3.321663
52.323242,11.554323,21.210262,-3.3192184
52.36914,11.568178,21.236341,-3.3363328
52.41504,11.589884,21.254026,-3.3709004
52.461914,11.601439,21.272184,-3.3865829
52.50879,11.621811,21.290926,-3.3882127
52.555664,11.619367,21.308037,-3.3922868
52.601563,11.639736,21.33411,-3.375991
52.648438,11.646262,21.361847,-3.3515182
52.695313,11.6584835,21.38955,-3.3368523
52.74121,11.679646,21.41478,-3.3409219
52.788086,11.673941,21.432709,-3.3368473
52.83496,11.682061,21.447325,-3.3352232
52.881836,11.697589,21.482468,-3.3540204
52.926758,11.724166,21.516293,-3.348383
52.973633,11.739838,21.53114,-3.3376603
53.021484,11.747978,21.560446,-3.3270772
53.067383,11.747164,21.597103,-3.3205605
53.114258,11.756939,21.606064,-3.3311503
53.160156,11.76427,21.632128,-3.3327794
53.20703,11.763458,21.638618,-3.3376467
53.253906,11.779034,21.645176,-3.3294492
53.299805,11.783096,21.667925,-3.3456979
53.34668,11.804041,21.711426,-3.366643
53.393555,11.804863,21.735256,-3.378147
53.439453,11.808905,21.752232,-3.3894634
53.48633,11.824557,21.76871,-3.3836966
53.533203,11.842485,21.794786,-3.3698432
53.58008,11.879955,21.824112,-3.3861346
53.626953,11.8849535,21.839941,-3.3869677
53.671875,11.90013,21.87269,-3.3789802
53.720703,11.911874,21.907919,-3.371431
53.765625,11.914248,21.913462,-3.3801398
53.811523,11.911849,21.917461,-3.3849394
53.8584,11.915898,21.944187,-3.3752213
53.904297,11.927245,21.970121,-3.3873782
53.95215,11.938084,22.001802,-3.384877
53.99707,11.944384,22.020702,-3.3651886
54.043945,11.957498,22.033815,-3.3553534
54.089844,11.955879,22.06294,-3.3585894
54.135742,11.957475,22.086071,-3.3561966
54.180664,11.95988,22.109325,-3.359404
54.226563,11.982108,22.121233,-3.3522594
54.273438,11.9829235,22.149782,-3.361232
54.319336,12.000701,22.1716,-3.374969
54.36621,12.012921,22.201744,-3.3888192
54.413086,12.021969,22.228888,-3.3871741
54.45996,12.053716,22.230516,-3.3985705
54.50586,12.066726,22.255722,-3.3896265
54.552734,12.054504,22.269573,-3.3839233
54.59668,12.046626,22.294785,-3.3784084
54.643555,12.08136,22.306093,-3.389717
54.689453,12.083754,22.319658,-3.3777487
54.73535,12.094271,22.329367,-3.3995929
54.78125,12.124634,22.36692,-3.3876073
54.828125,12.134447,22.391455,-3.4072344
54.873047,12.1486225,22.415867,-3.4261343
54.918945,12.144624,22.436663,-3.4461298
54.963867,12.147826,22.466288,-3.4325182
55.010742,12.162254,22.485525,-3.4429386
55.055664,12.184369,22.50843,-3.4508367
55.10254,12.183551,22.527262,-3.4442868
55.148438,12.206285,22.552433,-3.456466
55.195313,12.216104,22.565523,-3.465466
55.243164,12.225322,22.580608,-3.4730086
55.289063,12.224508,22.622902,-3.4892752
55.333984,12.240274,22.640245,-3.5011
55.379883,12.250538,22.659193,-3.5018895
55.427734,12.2530575,22.69531,-3.5212078
55.47461,12.2546835,22.732712,-3.509825
55.520508,12.270154,22.757954,-3.5277386
55.567383,12.281571,22.786497,-3.5310006
55.614258,12.292958,22.82391,-3.5399473
55.660156,12.300291,22.857313,-3.5366883
55.708008,12.313449,22.865536,-3.5144851
55.753906,12.327303,22.880205,-3.5193748
55.80078,12.349277,22.903807,-3.5210025
55.84668,12.359839,22.929808,-3.5120647
55.893555,12.372084,22.958378,-3.525125
55.939453,12.395429,22.980917,-3.5372
55.98633,12.398727,22.987514,-3.549571
56.03418,12.397096,23.003834,-3.560178
56.0791,12.4171915,23.035986,-3.5617857
56.125977,12.433478,23.060415,-3.5780723
56.17285,12.449121,23.081,-3.5920691
56.219727,12.465419,23.122559,-3.5847352
56.2666,12.480088,23.133154,-3.5985897
56.3125,12.484968,23.175451,-3.6042836
56.3584,12.49476,23.192587,-3.5838842
56.40625,12.490688,23.202358,-3.58307
56.45215,12.489875,23.23003,-3.5846977
56.498047,12.502015,23.242981,-3.5741758
56.5459,12.516681,23.273127,-3.5603254
56.591797,12.517495,23.300014,-3.5489185
56.63965,12.532656,23.311806,-3.559868
56.68457,12.522307,23.329319,-3.5710125
56.7334,12.53145,23.345112,-3.5784934
56.77832,12.533051,23.360312,-3.5944939
56.82422,12.529056,23.385876,-3.603282
56.86914,12.5274515,23.413956,-3.6217341
56.91797,12.514193,23.442131,-3.629192
56.964844,12.52327,23.450384,-3.614338
57.010742,12.528916,23.457644,-3.6159513
57.05664,12.529733,23.460907,-3.6232958
57.103516,12.536263,23.510702,-3.6363568
57.149414,12.548261,23.5243,-3.6227598
57.197266,12.575784,23.56183,-3.6369383
57.245117,12.584986,23.600311,-3.6436307
57.291016,12.595495,23.614862,-3.650098
57.336914,12.606879,23.612423,-3.644406
57.384766,12.624952,23.632961,-3.6501567
57.430664,12.629721,23.658392,-3.6358519
57.47754,12.63056,23.679369,-3.6551504
57.523438,12.635358,23.732145,-3.6607478
57.57129,12.654307,23.749447,-3.683817
57.617188,12.649422,23.75352,-3.7009163
57.66211,12.672366,23.777254,-3.690631
57.708984,12.68059,23.80357,-3.7013218
57.757813,12.693167,23.818663,-3.7415688
57.80371,12.706121,23.829998,-3.7407591
57.848633,12.7100725,23.845013,-3.7447104
57.89453,12.7238865,23.839325,-3.756899
57.942383,12.724708,23.854105,-3.7536147
57.98828,12.732034,23.87771,-3.7658243
58.035156,12.735287,23.891535,-3.7609448
58.08203,12.753181,23.906176,-3.7804666
58.12793,12.766221,23.92329,-3.7820966
58.174805,12.780048,23.956638,-3.808937
58.22168,12.788287,23.98877,-3.8122325
58.268555,12.807031,24.028702,-3.794304
58.314453,12.809474,24.04092,-3.7861586
58.36133,12.81355,24.061298,-3.776377
58.407227,12.829025,24.085733,-3.7869654
58.45508,12.8314905,24.103815,-3.796006
58.500977,12.825026,24.112705,-3.800047
58.546875,12.841325,24.11841,-3.8033066
58.594727,12.860862,24.141203,-3.7976081
58.640625,12.871455,24.169724,-3.800053
58.686523,12.873059,24.18657,-3.8096788
58.7334,12.874714,24.23373,-3.8014047
58.780273,12.883676,24.27365,-3.803034
58.82715,12.887749,24.290758,-3.7948868
58.873047,12.894259,24.298897,-3.8030248
58.918945,12.908088,24.341194,-3.8160396
58.966797,12.906457,24.381973,-3.8502934
59.012695,12.915427,24.388496,-3.8299062
59.05957,12.937428,24.411312,-3.8323507
59.106445,12.949648,24.465076,-3.8535304
59.15332,12.96352,24.491188,-3.8641384
59.198242,12.967536,24.491991,-3.8528943
59.245117,12.958448,24.500252,-3.8446333
59.291992,12.989781,24.51391,-3.827762
59.338867,13.022797,24.538671,-3.8137307
59.385742,13.061913,24.56149,-3.838178
59.430664,13.082797,24.55185,-3.8213096
59.478516,13.081969,24.572538,-3.8246198
